<custom__type__definition>
  <version>5.2.0.0</version>
  <typeName class="org.mule.common.metadata.DefaultMetaDataKey">
    <id>xml</id>
    <displayName>xml</displayName>
    <category>DEFAULT</category>
    <metaDataKeyPropertiesManager>
      <properties>
        <org.mule.common.metadata.key.property.dsql.DsqlFromMetaDataKeyProperty/>
      </properties>
    </metaDataKeyPropertiesManager>
  </typeName>
  <metadataModel class="org.mule.common.metadata.DefaultXmlMetaDataModel">
    <dataType>XML</dataType>
    <metaDataModelPropertiesManager>
      <properties>
        <org.mule.common.metadata.property.xml.SchemaTypeMetaDataProperty>
          <typeQName>
            <namespaceURI></namespaceURI>
            <localPart>notasType</localPart>
            <prefix></prefix>
          </typeQName>
        </org.mule.common.metadata.property.xml.SchemaTypeMetaDataProperty>
        <org.mule.common.metadata.property.TextBasedExampleMetaDataModelProperty>
          <exampleContent>C:\Users\Administrador.WIN-2O4P6U7CI32\Desktop\centroEducativo\read\notas.xml</exampleContent>
        </org.mule.common.metadata.property.TextBasedExampleMetaDataModelProperty>
        <org.mule.tooling.metadata.properties.DefinitionEditorModeType>
          <mode>EXAMPLE</mode>
          <path>C:\Users\Administrador.WIN-2O4P6U7CI32\Desktop\centroEducativo\read\notas.xml</path>
          <rootElement>notas</rootElement>
        </org.mule.tooling.metadata.properties.DefinitionEditorModeType>
      </properties>
    </metaDataModelPropertiesManager>
    <fields>
      <org.mule.common.metadata.DefaultMetaDataField>
        <name>actoEvaluacion</name>
        <model class="org.mule.common.metadata.DefaultListMetaDataModel">
          <dataType>LIST</dataType>
          <metaDataModelPropertiesManager>
            <properties>
              <org.mule.common.metadata.property.xml.SchemaTypeMetaDataProperty>
                <typeQName>
                  <namespaceURI></namespaceURI>
                  <localPart>actoEvaluacionType</localPart>
                  <prefix></prefix>
                </typeQName>
              </org.mule.common.metadata.property.xml.SchemaTypeMetaDataProperty>
              <org.mule.common.metadata.property.xml.UnboundMetaDataProperty>
                <maxOccurs>2147483647</maxOccurs>
                <minOccurs>0</minOccurs>
              </org.mule.common.metadata.property.xml.UnboundMetaDataProperty>
            </properties>
          </metaDataModelPropertiesManager>
          <model class="org.mule.common.metadata.DefaultXmlMetaDataModel">
            <dataType>XML</dataType>
            <metaDataModelPropertiesManager>
              <properties/>
            </metaDataModelPropertiesManager>
            <fields>
              <org.mule.common.metadata.DefaultMetaDataField>
                <name>asignatura</name>
                <model class="org.mule.common.metadata.DefaultSimpleMetaDataModel">
                  <dataType>STRING</dataType>
                  <metaDataModelPropertiesManager>
                    <properties/>
                  </metaDataModelPropertiesManager>
                </model>
                <accessType>READ_WRITE</accessType>
                <metaDataFieldPropertyManager>
                  <properties>
                    <org.mule.common.metadata.property.QNameMetaDataProperty>
                      <name>
                        <namespaceURI></namespaceURI>
                        <localPart>asignatura</localPart>
                        <prefix></prefix>
                      </name>
                    </org.mule.common.metadata.property.QNameMetaDataProperty>
                  </properties>
                </metaDataFieldPropertyManager>
              </org.mule.common.metadata.DefaultMetaDataField>
              <org.mule.common.metadata.DefaultMetaDataField>
                <name>nombre</name>
                <model class="org.mule.common.metadata.DefaultSimpleMetaDataModel">
                  <dataType>STRING</dataType>
                  <metaDataModelPropertiesManager>
                    <properties>
                      <org.mule.common.metadata.property.xml.SchemaTypeMetaDataProperty>
                        <typeQName>
                          <namespaceURI>http://www.w3.org/2001/XMLSchema</namespaceURI>
                          <localPart>string</localPart>
                          <prefix></prefix>
                        </typeQName>
                      </org.mule.common.metadata.property.xml.SchemaTypeMetaDataProperty>
                    </properties>
                  </metaDataModelPropertiesManager>
                </model>
                <accessType>READ_WRITE</accessType>
                <metaDataFieldPropertyManager>
                  <properties>
                    <org.mule.common.metadata.property.QNameMetaDataProperty>
                      <name>
                        <namespaceURI></namespaceURI>
                        <localPart>nombre</localPart>
                        <prefix></prefix>
                      </name>
                    </org.mule.common.metadata.property.QNameMetaDataProperty>
                  </properties>
                </metaDataFieldPropertyManager>
              </org.mule.common.metadata.DefaultMetaDataField>
              <org.mule.common.metadata.DefaultMetaDataField>
                <name>alumno</name>
                <model class="org.mule.common.metadata.DefaultXmlMetaDataModel">
                  <dataType>XML</dataType>
                  <metaDataModelPropertiesManager>
                    <properties>
                      <org.mule.common.metadata.property.xml.SchemaTypeMetaDataProperty>
                        <typeQName>
                          <namespaceURI></namespaceURI>
                          <localPart>alumnoType</localPart>
                          <prefix></prefix>
                        </typeQName>
                      </org.mule.common.metadata.property.xml.SchemaTypeMetaDataProperty>
                    </properties>
                  </metaDataModelPropertiesManager>
                  <fields>
                    <org.mule.common.metadata.DefaultMetaDataField>
                      <name>text()</name>
                      <model class="org.mule.common.metadata.DefaultSimpleMetaDataModel">
                        <dataType>DOUBLE</dataType>
                        <metaDataModelPropertiesManager>
                          <properties/>
                        </metaDataModelPropertiesManager>
                      </model>
                      <accessType>READ_WRITE</accessType>
                      <metaDataFieldPropertyManager>
                        <properties>
                          <org.mule.common.metadata.property.QNameMetaDataProperty>
                            <name>
                              <namespaceURI></namespaceURI>
                              <localPart>text()</localPart>
                              <prefix></prefix>
                            </name>
                          </org.mule.common.metadata.property.QNameMetaDataProperty>
                        </properties>
                      </metaDataFieldPropertyManager>
                    </org.mule.common.metadata.DefaultMetaDataField>
                    <org.mule.common.metadata.DefaultMetaDataField>
                      <name>dni</name>
                      <model class="org.mule.common.metadata.DefaultSimpleMetaDataModel">
                        <dataType>STRING</dataType>
                        <metaDataModelPropertiesManager>
                          <properties>
                            <org.mule.common.metadata.property.xml.SchemaTypeMetaDataProperty>
                              <typeQName reference="../../../../../../../../../org.mule.common.metadata.DefaultMetaDataField[2]/model/metaDataModelPropertiesManager/properties/org.mule.common.metadata.property.xml.SchemaTypeMetaDataProperty/typeQName"/>
                            </org.mule.common.metadata.property.xml.SchemaTypeMetaDataProperty>
                          </properties>
                        </metaDataModelPropertiesManager>
                      </model>
                      <accessType>READ_WRITE</accessType>
                      <metaDataFieldPropertyManager>
                        <properties>
                          <org.mule.common.metadata.property.QNameMetaDataProperty>
                            <name>
                              <namespaceURI></namespaceURI>
                              <localPart>dni</localPart>
                              <prefix></prefix>
                            </name>
                          </org.mule.common.metadata.property.QNameMetaDataProperty>
                          <org.mule.common.metadata.property.LabelMetaDataProperty>
                            <label>@dni</label>
                          </org.mule.common.metadata.property.LabelMetaDataProperty>
                          <org.mule.common.metadata.property.xml.AttributeMetaDataFieldProperty>
                            <isAttribute>true</isAttribute>
                          </org.mule.common.metadata.property.xml.AttributeMetaDataFieldProperty>
                        </properties>
                      </metaDataFieldPropertyManager>
                    </org.mule.common.metadata.DefaultMetaDataField>
                  </fields>
                  <rootElement>
                    <namespaceURI></namespaceURI>
                    <localPart>notas</localPart>
                    <prefix></prefix>
                  </rootElement>
                  <schemas class="org.mule.common.metadata.UrlBasedSchemaProvider">
                    <schemas>
                      <url>file:/C:/Users/ADMINI~1.WIN/AppData/Local/Temp/2/653ff93c-c1e5-410c-ae1a-b6247f7ce2d7/notas.xml-494150690.xsd</url>
                    </schemas>
                  </schemas>
                  <namespaceManager>
                    <namespacePrefix class="tree-map"/>
                  </namespaceManager>
                </model>
                <accessType>READ_WRITE</accessType>
                <metaDataFieldPropertyManager>
                  <properties>
                    <org.mule.common.metadata.property.QNameMetaDataProperty>
                      <name>
                        <namespaceURI></namespaceURI>
                        <localPart>alumno</localPart>
                        <prefix></prefix>
                      </name>
                    </org.mule.common.metadata.property.QNameMetaDataProperty>
                  </properties>
                </metaDataFieldPropertyManager>
              </org.mule.common.metadata.DefaultMetaDataField>
            </fields>
            <rootElement reference="../fields/org.mule.common.metadata.DefaultMetaDataField[3]/model/rootElement"/>
            <schemas class="org.mule.common.metadata.UrlBasedSchemaProvider" reference="../fields/org.mule.common.metadata.DefaultMetaDataField[3]/model/schemas"/>
            <namespaceManager reference="../fields/org.mule.common.metadata.DefaultMetaDataField[3]/model/namespaceManager"/>
          </model>
          <isArray>false</isArray>
        </model>
        <accessType>READ_WRITE</accessType>
        <metaDataFieldPropertyManager>
          <properties>
            <org.mule.common.metadata.property.QNameMetaDataProperty>
              <name>
                <namespaceURI></namespaceURI>
                <localPart>actoEvaluacion</localPart>
                <prefix></prefix>
              </name>
            </org.mule.common.metadata.property.QNameMetaDataProperty>
          </properties>
        </metaDataFieldPropertyManager>
      </org.mule.common.metadata.DefaultMetaDataField>
    </fields>
    <rootElement reference="../fields/org.mule.common.metadata.DefaultMetaDataField/model/model/fields/org.mule.common.metadata.DefaultMetaDataField[3]/model/rootElement"/>
    <schemas class="org.mule.common.metadata.UrlBasedSchemaProvider">
      <schemas reference="../../fields/org.mule.common.metadata.DefaultMetaDataField/model/model/fields/org.mule.common.metadata.DefaultMetaDataField[3]/model/schemas/schemas"/>
    </schemas>
    <namespaceManager reference="../fields/org.mule.common.metadata.DefaultMetaDataField/model/model/fields/org.mule.common.metadata.DefaultMetaDataField[3]/model/namespaceManager"/>
  </metadataModel>
</custom__type__definition>