<custom__type__definition>
  <version>5.2.0.0</version>
  <typeName class="org.mule.common.metadata.DefaultMetaDataKey">
    <id>asignaturaDetalladaXML</id>
    <displayName>asignaturaDetalladaXML</displayName>
    <category>DEFAULT</category>
    <metaDataKeyPropertiesManager>
      <properties>
        <org.mule.common.metadata.key.property.dsql.DsqlFromMetaDataKeyProperty/>
      </properties>
    </metaDataKeyPropertiesManager>
  </typeName>
  <metadataModel class="org.mule.common.metadata.DefaultXmlMetaDataModel">
    <dataType>XML</dataType>
    <metaDataModelPropertiesManager>
      <properties>
        <org.mule.common.metadata.property.xml.SchemaTypeMetaDataProperty>
          <typeQName>
            <namespaceURI></namespaceURI>
            <localPart>AsignaturaDetalladaType</localPart>
            <prefix></prefix>
          </typeQName>
        </org.mule.common.metadata.property.xml.SchemaTypeMetaDataProperty>
        <org.mule.common.metadata.property.TextBasedExampleMetaDataModelProperty>
          <exampleContent>C:\Users\Administrador.WIN-2O4P6U7CI32\Desktop\centroEducativo\procesados_XML\notas - copia - copia - copia.xml</exampleContent>
        </org.mule.common.metadata.property.TextBasedExampleMetaDataModelProperty>
        <org.mule.tooling.metadata.properties.DefinitionEditorModeType>
          <mode>EXAMPLE</mode>
          <path>C:\Users\Administrador.WIN-2O4P6U7CI32\Desktop\centroEducativo\procesados_XML\notas - copia - copia - copia.xml</path>
          <rootElement>AsignaturaDetallada</rootElement>
        </org.mule.tooling.metadata.properties.DefinitionEditorModeType>
      </properties>
    </metaDataModelPropertiesManager>
    <fields>
      <org.mule.common.metadata.DefaultMetaDataField>
        <name>id</name>
        <model class="org.mule.common.metadata.DefaultSimpleMetaDataModel">
          <dataType>STRING</dataType>
          <metaDataModelPropertiesManager>
            <properties>
              <org.mule.common.metadata.property.xml.SchemaTypeMetaDataProperty>
                <typeQName>
                  <namespaceURI>http://www.w3.org/2001/XMLSchema</namespaceURI>
                  <localPart>string</localPart>
                  <prefix></prefix>
                </typeQName>
              </org.mule.common.metadata.property.xml.SchemaTypeMetaDataProperty>
            </properties>
          </metaDataModelPropertiesManager>
        </model>
        <accessType>READ_WRITE</accessType>
        <metaDataFieldPropertyManager>
          <properties>
            <org.mule.common.metadata.property.QNameMetaDataProperty>
              <name>
                <namespaceURI></namespaceURI>
                <localPart>id</localPart>
                <prefix></prefix>
              </name>
            </org.mule.common.metadata.property.QNameMetaDataProperty>
          </properties>
        </metaDataFieldPropertyManager>
      </org.mule.common.metadata.DefaultMetaDataField>
      <org.mule.common.metadata.DefaultMetaDataField>
        <name>acronimo</name>
        <model class="org.mule.common.metadata.DefaultSimpleMetaDataModel">
          <dataType>STRING</dataType>
          <metaDataModelPropertiesManager>
            <properties>
              <org.mule.common.metadata.property.xml.SchemaTypeMetaDataProperty>
                <typeQName reference="../../../../../../org.mule.common.metadata.DefaultMetaDataField/model/metaDataModelPropertiesManager/properties/org.mule.common.metadata.property.xml.SchemaTypeMetaDataProperty/typeQName"/>
              </org.mule.common.metadata.property.xml.SchemaTypeMetaDataProperty>
            </properties>
          </metaDataModelPropertiesManager>
        </model>
        <accessType>READ_WRITE</accessType>
        <metaDataFieldPropertyManager>
          <properties>
            <org.mule.common.metadata.property.QNameMetaDataProperty>
              <name>
                <namespaceURI></namespaceURI>
                <localPart>acronimo</localPart>
                <prefix></prefix>
              </name>
            </org.mule.common.metadata.property.QNameMetaDataProperty>
          </properties>
        </metaDataFieldPropertyManager>
      </org.mule.common.metadata.DefaultMetaDataField>
      <org.mule.common.metadata.DefaultMetaDataField>
        <name>nombre</name>
        <model class="org.mule.common.metadata.DefaultSimpleMetaDataModel">
          <dataType>STRING</dataType>
          <metaDataModelPropertiesManager>
            <properties>
              <org.mule.common.metadata.property.xml.SchemaTypeMetaDataProperty>
                <typeQName reference="../../../../../../org.mule.common.metadata.DefaultMetaDataField/model/metaDataModelPropertiesManager/properties/org.mule.common.metadata.property.xml.SchemaTypeMetaDataProperty/typeQName"/>
              </org.mule.common.metadata.property.xml.SchemaTypeMetaDataProperty>
            </properties>
          </metaDataModelPropertiesManager>
        </model>
        <accessType>READ_WRITE</accessType>
        <metaDataFieldPropertyManager>
          <properties>
            <org.mule.common.metadata.property.QNameMetaDataProperty>
              <name>
                <namespaceURI></namespaceURI>
                <localPart>nombre</localPart>
                <prefix></prefix>
              </name>
            </org.mule.common.metadata.property.QNameMetaDataProperty>
          </properties>
        </metaDataFieldPropertyManager>
      </org.mule.common.metadata.DefaultMetaDataField>
      <org.mule.common.metadata.DefaultMetaDataField>
        <name>anyo</name>
        <model class="org.mule.common.metadata.DefaultSimpleMetaDataModel">
          <dataType>INTEGER</dataType>
          <metaDataModelPropertiesManager>
            <properties>
              <org.mule.common.metadata.property.xml.SchemaTypeMetaDataProperty>
                <typeQName>
                  <namespaceURI>http://www.w3.org/2001/XMLSchema</namespaceURI>
                  <localPart>short</localPart>
                  <prefix></prefix>
                </typeQName>
              </org.mule.common.metadata.property.xml.SchemaTypeMetaDataProperty>
            </properties>
          </metaDataModelPropertiesManager>
        </model>
        <accessType>READ_WRITE</accessType>
        <metaDataFieldPropertyManager>
          <properties>
            <org.mule.common.metadata.property.QNameMetaDataProperty>
              <name>
                <namespaceURI></namespaceURI>
                <localPart>anyo</localPart>
                <prefix></prefix>
              </name>
            </org.mule.common.metadata.property.QNameMetaDataProperty>
          </properties>
        </metaDataFieldPropertyManager>
      </org.mule.common.metadata.DefaultMetaDataField>
      <org.mule.common.metadata.DefaultMetaDataField>
        <name>creditos</name>
        <model class="org.mule.common.metadata.DefaultSimpleMetaDataModel">
          <dataType>DOUBLE</dataType>
          <metaDataModelPropertiesManager>
            <properties>
              <org.mule.common.metadata.property.xml.SchemaTypeMetaDataProperty>
                <typeQName>
                  <namespaceURI>http://www.w3.org/2001/XMLSchema</namespaceURI>
                  <localPart>float</localPart>
                  <prefix></prefix>
                </typeQName>
              </org.mule.common.metadata.property.xml.SchemaTypeMetaDataProperty>
            </properties>
          </metaDataModelPropertiesManager>
        </model>
        <accessType>READ_WRITE</accessType>
        <metaDataFieldPropertyManager>
          <properties>
            <org.mule.common.metadata.property.QNameMetaDataProperty>
              <name>
                <namespaceURI></namespaceURI>
                <localPart>creditos</localPart>
                <prefix></prefix>
              </name>
            </org.mule.common.metadata.property.QNameMetaDataProperty>
          </properties>
        </metaDataFieldPropertyManager>
      </org.mule.common.metadata.DefaultMetaDataField>
      <org.mule.common.metadata.DefaultMetaDataField>
        <name>cuatrimestre</name>
        <model class="org.mule.common.metadata.DefaultSimpleMetaDataModel">
          <dataType>STRING</dataType>
          <metaDataModelPropertiesManager>
            <properties>
              <org.mule.common.metadata.property.xml.SchemaTypeMetaDataProperty>
                <typeQName reference="../../../../../../org.mule.common.metadata.DefaultMetaDataField/model/metaDataModelPropertiesManager/properties/org.mule.common.metadata.property.xml.SchemaTypeMetaDataProperty/typeQName"/>
              </org.mule.common.metadata.property.xml.SchemaTypeMetaDataProperty>
            </properties>
          </metaDataModelPropertiesManager>
        </model>
        <accessType>READ_WRITE</accessType>
        <metaDataFieldPropertyManager>
          <properties>
            <org.mule.common.metadata.property.QNameMetaDataProperty>
              <name>
                <namespaceURI></namespaceURI>
                <localPart>cuatrimestre</localPart>
                <prefix></prefix>
              </name>
            </org.mule.common.metadata.property.QNameMetaDataProperty>
          </properties>
        </metaDataFieldPropertyManager>
      </org.mule.common.metadata.DefaultMetaDataField>
      <org.mule.common.metadata.DefaultMetaDataField>
        <name>alumnos</name>
        <model class="org.mule.common.metadata.DefaultXmlMetaDataModel">
          <dataType>XML</dataType>
          <metaDataModelPropertiesManager>
            <properties>
              <org.mule.common.metadata.property.xml.SchemaTypeMetaDataProperty>
                <typeQName>
                  <namespaceURI></namespaceURI>
                  <localPart>alumnosType</localPart>
                  <prefix></prefix>
                </typeQName>
              </org.mule.common.metadata.property.xml.SchemaTypeMetaDataProperty>
            </properties>
          </metaDataModelPropertiesManager>
          <fields>
            <org.mule.common.metadata.DefaultMetaDataField>
              <name>Alumno</name>
              <model class="org.mule.common.metadata.DefaultListMetaDataModel">
                <dataType>LIST</dataType>
                <metaDataModelPropertiesManager>
                  <properties>
                    <org.mule.common.metadata.property.xml.SchemaTypeMetaDataProperty>
                      <typeQName>
                        <namespaceURI></namespaceURI>
                        <localPart>AlumnoType</localPart>
                        <prefix></prefix>
                      </typeQName>
                    </org.mule.common.metadata.property.xml.SchemaTypeMetaDataProperty>
                    <org.mule.common.metadata.property.xml.UnboundMetaDataProperty>
                      <maxOccurs>2147483647</maxOccurs>
                      <minOccurs>0</minOccurs>
                    </org.mule.common.metadata.property.xml.UnboundMetaDataProperty>
                  </properties>
                </metaDataModelPropertiesManager>
                <model class="org.mule.common.metadata.DefaultXmlMetaDataModel">
                  <dataType>XML</dataType>
                  <metaDataModelPropertiesManager>
                    <properties/>
                  </metaDataModelPropertiesManager>
                  <fields>
                    <org.mule.common.metadata.DefaultMetaDataField>
                      <name>nombre</name>
                      <model class="org.mule.common.metadata.DefaultSimpleMetaDataModel">
                        <dataType>STRING</dataType>
                        <metaDataModelPropertiesManager>
                          <properties/>
                        </metaDataModelPropertiesManager>
                      </model>
                      <accessType>READ_WRITE</accessType>
                      <metaDataFieldPropertyManager>
                        <properties>
                          <org.mule.common.metadata.property.QNameMetaDataProperty>
                            <name>
                              <namespaceURI></namespaceURI>
                              <localPart>nombre</localPart>
                              <prefix></prefix>
                            </name>
                          </org.mule.common.metadata.property.QNameMetaDataProperty>
                        </properties>
                      </metaDataFieldPropertyManager>
                    </org.mule.common.metadata.DefaultMetaDataField>
                    <org.mule.common.metadata.DefaultMetaDataField>
                      <name>apellidos</name>
                      <model class="org.mule.common.metadata.DefaultSimpleMetaDataModel">
                        <dataType>STRING</dataType>
                        <metaDataModelPropertiesManager>
                          <properties/>
                        </metaDataModelPropertiesManager>
                      </model>
                      <accessType>READ_WRITE</accessType>
                      <metaDataFieldPropertyManager>
                        <properties>
                          <org.mule.common.metadata.property.QNameMetaDataProperty>
                            <name>
                              <namespaceURI></namespaceURI>
                              <localPart>apellidos</localPart>
                              <prefix></prefix>
                            </name>
                          </org.mule.common.metadata.property.QNameMetaDataProperty>
                        </properties>
                      </metaDataFieldPropertyManager>
                    </org.mule.common.metadata.DefaultMetaDataField>
                    <org.mule.common.metadata.DefaultMetaDataField>
                      <name>dni</name>
                      <model class="org.mule.common.metadata.DefaultSimpleMetaDataModel">
                        <dataType>STRING</dataType>
                        <metaDataModelPropertiesManager>
                          <properties/>
                        </metaDataModelPropertiesManager>
                      </model>
                      <accessType>READ_WRITE</accessType>
                      <metaDataFieldPropertyManager>
                        <properties>
                          <org.mule.common.metadata.property.QNameMetaDataProperty>
                            <name>
                              <namespaceURI></namespaceURI>
                              <localPart>dni</localPart>
                              <prefix></prefix>
                            </name>
                          </org.mule.common.metadata.property.QNameMetaDataProperty>
                        </properties>
                      </metaDataFieldPropertyManager>
                    </org.mule.common.metadata.DefaultMetaDataField>
                  </fields>
                  <rootElement>
                    <namespaceURI></namespaceURI>
                    <localPart>AsignaturaDetallada</localPart>
                    <prefix></prefix>
                  </rootElement>
                  <schemas class="org.mule.common.metadata.UrlBasedSchemaProvider">
                    <schemas>
                      <url>file:/C:/Users/ADMINI~1.WIN/AppData/Local/Temp/2/693da700-baea-480f-bb2b-4e89c3dad9d3/notas%20-%20copia%20-%20copia%20-%20copia.xml202438483.xsd</url>
                    </schemas>
                  </schemas>
                  <namespaceManager>
                    <namespacePrefix class="tree-map"/>
                  </namespaceManager>
                </model>
                <isArray>false</isArray>
              </model>
              <accessType>READ_WRITE</accessType>
              <metaDataFieldPropertyManager>
                <properties>
                  <org.mule.common.metadata.property.QNameMetaDataProperty>
                    <name>
                      <namespaceURI></namespaceURI>
                      <localPart>Alumno</localPart>
                      <prefix></prefix>
                    </name>
                  </org.mule.common.metadata.property.QNameMetaDataProperty>
                </properties>
              </metaDataFieldPropertyManager>
            </org.mule.common.metadata.DefaultMetaDataField>
          </fields>
          <rootElement reference="../fields/org.mule.common.metadata.DefaultMetaDataField/model/model/rootElement"/>
          <schemas class="org.mule.common.metadata.UrlBasedSchemaProvider" reference="../fields/org.mule.common.metadata.DefaultMetaDataField/model/model/schemas"/>
          <namespaceManager reference="../fields/org.mule.common.metadata.DefaultMetaDataField/model/model/namespaceManager"/>
        </model>
        <accessType>READ_WRITE</accessType>
        <metaDataFieldPropertyManager>
          <properties>
            <org.mule.common.metadata.property.QNameMetaDataProperty>
              <name>
                <namespaceURI></namespaceURI>
                <localPart>alumnos</localPart>
                <prefix></prefix>
              </name>
            </org.mule.common.metadata.property.QNameMetaDataProperty>
          </properties>
        </metaDataFieldPropertyManager>
      </org.mule.common.metadata.DefaultMetaDataField>
      <org.mule.common.metadata.DefaultMetaDataField>
        <name>profesores</name>
        <model class="org.mule.common.metadata.DefaultXmlMetaDataModel">
          <dataType>XML</dataType>
          <metaDataModelPropertiesManager>
            <properties>
              <org.mule.common.metadata.property.xml.SchemaTypeMetaDataProperty>
                <typeQName>
                  <namespaceURI></namespaceURI>
                  <localPart>profesoresType</localPart>
                  <prefix></prefix>
                </typeQName>
              </org.mule.common.metadata.property.xml.SchemaTypeMetaDataProperty>
            </properties>
          </metaDataModelPropertiesManager>
          <fields>
            <org.mule.common.metadata.DefaultMetaDataField>
              <name>Profesor</name>
              <model class="org.mule.common.metadata.DefaultListMetaDataModel">
                <dataType>LIST</dataType>
                <metaDataModelPropertiesManager>
                  <properties>
                    <org.mule.common.metadata.property.xml.SchemaTypeMetaDataProperty>
                      <typeQName>
                        <namespaceURI></namespaceURI>
                        <localPart>ProfesorType</localPart>
                        <prefix></prefix>
                      </typeQName>
                    </org.mule.common.metadata.property.xml.SchemaTypeMetaDataProperty>
                    <org.mule.common.metadata.property.xml.UnboundMetaDataProperty>
                      <maxOccurs>2147483647</maxOccurs>
                      <minOccurs>0</minOccurs>
                    </org.mule.common.metadata.property.xml.UnboundMetaDataProperty>
                  </properties>
                </metaDataModelPropertiesManager>
                <model class="org.mule.common.metadata.DefaultXmlMetaDataModel">
                  <dataType>XML</dataType>
                  <metaDataModelPropertiesManager>
                    <properties/>
                  </metaDataModelPropertiesManager>
                  <fields>
                    <org.mule.common.metadata.DefaultMetaDataField>
                      <name>nombre</name>
                      <model class="org.mule.common.metadata.DefaultSimpleMetaDataModel">
                        <dataType>STRING</dataType>
                        <metaDataModelPropertiesManager>
                          <properties/>
                        </metaDataModelPropertiesManager>
                      </model>
                      <accessType>READ_WRITE</accessType>
                      <metaDataFieldPropertyManager>
                        <properties>
                          <org.mule.common.metadata.property.QNameMetaDataProperty>
                            <name>
                              <namespaceURI></namespaceURI>
                              <localPart>nombre</localPart>
                              <prefix></prefix>
                            </name>
                          </org.mule.common.metadata.property.QNameMetaDataProperty>
                        </properties>
                      </metaDataFieldPropertyManager>
                    </org.mule.common.metadata.DefaultMetaDataField>
                    <org.mule.common.metadata.DefaultMetaDataField>
                      <name>apellidos</name>
                      <model class="org.mule.common.metadata.DefaultSimpleMetaDataModel">
                        <dataType>STRING</dataType>
                        <metaDataModelPropertiesManager>
                          <properties/>
                        </metaDataModelPropertiesManager>
                      </model>
                      <accessType>READ_WRITE</accessType>
                      <metaDataFieldPropertyManager>
                        <properties>
                          <org.mule.common.metadata.property.QNameMetaDataProperty>
                            <name>
                              <namespaceURI></namespaceURI>
                              <localPart>apellidos</localPart>
                              <prefix></prefix>
                            </name>
                          </org.mule.common.metadata.property.QNameMetaDataProperty>
                        </properties>
                      </metaDataFieldPropertyManager>
                    </org.mule.common.metadata.DefaultMetaDataField>
                    <org.mule.common.metadata.DefaultMetaDataField>
                      <name>dni</name>
                      <model class="org.mule.common.metadata.DefaultSimpleMetaDataModel">
                        <dataType>STRING</dataType>
                        <metaDataModelPropertiesManager>
                          <properties/>
                        </metaDataModelPropertiesManager>
                      </model>
                      <accessType>READ_WRITE</accessType>
                      <metaDataFieldPropertyManager>
                        <properties>
                          <org.mule.common.metadata.property.QNameMetaDataProperty>
                            <name>
                              <namespaceURI></namespaceURI>
                              <localPart>dni</localPart>
                              <prefix></prefix>
                            </name>
                          </org.mule.common.metadata.property.QNameMetaDataProperty>
                        </properties>
                      </metaDataFieldPropertyManager>
                    </org.mule.common.metadata.DefaultMetaDataField>
                  </fields>
                  <rootElement reference="../../../../../../../org.mule.common.metadata.DefaultMetaDataField[7]/model/fields/org.mule.common.metadata.DefaultMetaDataField/model/model/rootElement"/>
                  <schemas class="org.mule.common.metadata.UrlBasedSchemaProvider" reference="../../../../../../../org.mule.common.metadata.DefaultMetaDataField[7]/model/fields/org.mule.common.metadata.DefaultMetaDataField/model/model/schemas"/>
                  <namespaceManager reference="../../../../../../../org.mule.common.metadata.DefaultMetaDataField[7]/model/fields/org.mule.common.metadata.DefaultMetaDataField/model/model/namespaceManager"/>
                </model>
                <isArray>false</isArray>
              </model>
              <accessType>READ_WRITE</accessType>
              <metaDataFieldPropertyManager>
                <properties>
                  <org.mule.common.metadata.property.QNameMetaDataProperty>
                    <name>
                      <namespaceURI></namespaceURI>
                      <localPart>Profesor</localPart>
                      <prefix></prefix>
                    </name>
                  </org.mule.common.metadata.property.QNameMetaDataProperty>
                </properties>
              </metaDataFieldPropertyManager>
            </org.mule.common.metadata.DefaultMetaDataField>
          </fields>
          <rootElement reference="../../../org.mule.common.metadata.DefaultMetaDataField[7]/model/fields/org.mule.common.metadata.DefaultMetaDataField/model/model/rootElement"/>
          <schemas class="org.mule.common.metadata.UrlBasedSchemaProvider" reference="../../../org.mule.common.metadata.DefaultMetaDataField[7]/model/fields/org.mule.common.metadata.DefaultMetaDataField/model/model/schemas"/>
          <namespaceManager reference="../../../org.mule.common.metadata.DefaultMetaDataField[7]/model/fields/org.mule.common.metadata.DefaultMetaDataField/model/model/namespaceManager"/>
        </model>
        <accessType>READ_WRITE</accessType>
        <metaDataFieldPropertyManager>
          <properties>
            <org.mule.common.metadata.property.QNameMetaDataProperty>
              <name>
                <namespaceURI></namespaceURI>
                <localPart>profesores</localPart>
                <prefix></prefix>
              </name>
            </org.mule.common.metadata.property.QNameMetaDataProperty>
          </properties>
        </metaDataFieldPropertyManager>
      </org.mule.common.metadata.DefaultMetaDataField>
    </fields>
    <rootElement reference="../fields/org.mule.common.metadata.DefaultMetaDataField[7]/model/fields/org.mule.common.metadata.DefaultMetaDataField/model/model/rootElement"/>
    <schemas class="org.mule.common.metadata.UrlBasedSchemaProvider">
      <schemas reference="../../fields/org.mule.common.metadata.DefaultMetaDataField[7]/model/fields/org.mule.common.metadata.DefaultMetaDataField/model/model/schemas/schemas"/>
    </schemas>
    <namespaceManager reference="../fields/org.mule.common.metadata.DefaultMetaDataField[7]/model/fields/org.mule.common.metadata.DefaultMetaDataField/model/model/namespaceManager"/>
  </metadataModel>
</custom__type__definition>